PortNumber,AccNumber,LocNumber,CountryCode,Latitude,Longitude,PostalCode,GeogScheme1,GeogName1,GeogScheme2,GeogName2,GeogScheme3,GeogName3,GeogScheme4,GeogName4,OccupancyCode,ConstructionCode,YearBuilt,LocPerilsCovered,BuildingTIV,ContentsTIV,BITIV,OtherTIV,LocCurrency,LocUserDef1,LocUserDef2,LocUserDef3,LocUserDef4
1,1,1,AU,-33.8568,151.2153,,,,,,,,,,1100,,,XHL,1000000,,,,AUD,OK,1,1,1
1,1,2,AU,-33.8568,151.2153,2000,,,,,,,,,1100,,,XHL,1000000,,,,AUD,OK,1,1,2
1,1,3,AU,,,2000,,,,,,,,,1100,,,XHL,1000000,,,,AUD,OK,1,1,3
1,2,1,AU,,,,GNAF,GANSW718642848,,,,,,,1100,,,XHL,1000000,,,,AUD,OK,1,1,4
1,2,2,AU,,,,,,PC4,2000,,,,,1100,,,XHL,1000000,,,,AUD,OK,1,1,5
1,2,3,AU,,,,,,,,ICA,41,,,1100,,,XHL,1000000,,,,AUD,OK,1,1,6
1,2,4,AU,,,,,,,,,,CRO,41,1100,,,XHL,1000000,,,,AUD,OK,1,1,7
1,2,5,AU,,,,GNAF,GANSW718642848,PC4,2000,,,,,1100,,,XHL,1000000,,,,AUD,OK,1,1,8
1,2,6,AU,,,,GNAF,GANSW718642848,,,ICA,41,,,1100,,,XHL,1000000,,,,AUD,OK,1,1,9
1,2,7,AU,,,,GNAF,GANSW718642848,,,,,CRO,41,1100,,,XHL,1000000,,,,AUD,OK,1,1,10
1,2,8,AU,,,,,,PC4,2000,ICA,41,,,1100,,,XHL,1000000,,,,AUD,OK,1,1,11
1,2,9,AU,,,,,,PC4,2000,,,CRO,41,1100,,,XHL,1000000,,,,AUD,OK,1,1,12
1,2,10,AU,,,,,,,,ICA,41,CRO,41,1100,,,XHL,1000000,,,,AUD,OK,1,1,13
1,2,11,AU,,,,GNAF,GANSW718642848,PC4,2000,ICA,41,,,1100,,,XHL,1000000,,,,AUD,OK,1,1,14
1,2,12,AU,,,,GNAF,GANSW718642848,PC4,2000,,,CRO,41,1100,,,XHL,1000000,,,,AUD,OK,1,1,15
1,2,13,AU,,,,GNAF,GANSW718642848,,,ICA,41,CRO,41,1100,,,XHL,1000000,,,,AUD,OK,1,1,16
1,2,14,AU,,,,,,PC4,2000,ICA,41,CRO,41,1100,,,XHL,1000000,,,,AUD,OK,1,1,17
1,2,15,AU,,,,GNAF,GANSW718642848,PC4,2000,ICA,41,CRO,41,1100,,,XHL,1000000,,,,AUD,OK,1,1,18
1,3,1,AU,,,2068,PC4,2000,,,,,,,1100,,,XHL,1000000,,,,AUD,OK,1,1,19
1,3,2,AU,,,2000,PC4,2068,,,,,,,1100,,,XHL,1000000,,,,AUD,OK,1,1,20
1,4,1,AU,,,2000,,,,,,,,,1100,,,XHL,1000000,,,,AUD,OK,1,1,21
1,4,2,AU,,,2000,,,,,,,,,1100,,,XX1,1000000,,,,AUD,OK,1,1,22
1,4,3,AU,,,2000,,,,,,,,,1100,,,XZ1,1000000,,,,AUD,OK,1,1,23
1,4,4,AU,,,2000,,,,,,,,,1100,,,AA1,1000000,,,,AUD,OK,1,1,24
1,5,1,AU,,,2000,,,,,,,,,1100,,,QEQ,1000000,,,,AUD,Key error,1,0,0
1,5,2,AU,,,2000,,,,,,,,,1100,,,QFF,1000000,,,,AUD,Key error,1,0,0
1,5,3,AU,,,2000,,,,,,,,,1100,,,QTS,1000000,,,,AUD,Key error,1,0,0
1,5,4,AU,,,2000,,,,,,,,,1100,,,QSL,1000000,,,,AUD,Key error,1,0,0
1,5,5,AU,,,2000,,,,,,,,,1100,,,QLS,1000000,,,,AUD,Key error,1,0,0
1,5,6,AU,,,2000,,,,,,,,,1100,,,QLF,1000000,,,,AUD,Key error,1,0,0
1,5,7,AU,,,2000,,,,,,,,,1100,,,WTC,1000000,,,,AUD,Key error,1,0,0
1,5,8,AU,,,2000,,,,,,,,,1100,,,WEC,1000000,,,,AUD,Key error,1,0,0
1,5,9,AU,,,2000,,,,,,,,,1100,,,WSS,1000000,,,,AUD,Key error,1,0,0
1,5,10,AU,,,2000,,,,,,,,,1100,,,ORF,1000000,,,,AUD,Key error,1,0,0
1,5,11,AU,,,2000,,,,,,,,,1100,,,OSF,1000000,,,,AUD,Key error,1,0,0
1,5,12,AU,,,2000,,,,,,,,,1100,,,XSL,1000000,,,,AUD,Key error,1,0,0
1,5,13,AU,,,2000,,,,,,,,,1100,,,XTD,1000000,,,,AUD,Key error,1,0,0
1,5,14,AU,,,2000,,,,,,,,,1100,,,ZSN,1000000,,,,AUD,Key error,1,0,0
1,5,15,AU,,,2000,,,,,,,,,1100,,,ZIC,1000000,,,,AUD,Key error,1,0,0
1,5,16,AU,,,2000,,,,,,,,,1100,,,ZFZ,1000000,,,,AUD,Key error,1,0,0
1,5,17,AU,,,2000,,,,,,,,,1100,,,BFR,1000000,,,,AUD,Key error,1,0,0
1,5,18,AU,,,2000,,,,,,,,,1100,,,BBF,1000000,,,,AUD,Key error,1,0,0
1,5,19,AU,,,2000,,,,,,,,,1100,,,MNT,1000000,,,,AUD,Key error,1,0,0
1,5,20,AU,,,2000,,,,,,,,,1100,,,MTR,1000000,,,,AUD,Key error,1,0,0
1,5,21,AU,,,2000,,,,,,,,,1100,,,XLT,1000000,,,,AUD,Key error,1,0,0
1,5,22,AU,,,2000,,,,,,,,,1100,,,ZST,1000000,,,,AUD,Key error,1,0,0
1,5,23,AU,,,2000,,,,,,,,,1100,,,BSK,1000000,,,,AUD,Key error,1,0,0
1,5,24,AU,,,2000,,,,,,,,,1100,,,QQ1,1000000,,,,AUD,Key error,1,0,0
1,5,25,AU,,,2000,,,,,,,,,1100,,,WW2,1000000,,,,AUD,Key error,1,0,0
1,5,26,AU,,,2000,,,,,,,,,1100,,,WW1,1000000,,,,AUD,Key error,1,0,0
1,5,27,AU,,,2000,,,,,,,,,1100,,,OO1,1000000,,,,AUD,Key error,1,0,0
1,5,28,AU,,,2000,,,,,,,,,1100,,,MM1,1000000,,,,AUD,Key error,1,0,0
1,5,29,AU,,,2000,,,,,,,,,1100,,,ZZ1,1000000,,,,AUD,Key error,1,0,0
1,5,30,AU,,,2000,,,,,,,,,1100,,,BB1,1000000,,,,AUD,Key error,1,0,0
1,6,1,AU,,,2000,,,,,,,,,1100,5850,,XHL,,,,1000000,AUD,OK,1,1,25
1,6,2,AU,,,2000,,,,,,,,,1100,5850,0,XHL,,,,1000000,AUD,OK,1,1,26
1,6,3,AU,,,2000,,,,,,,,,1100,5850,9999,XHL,,,,1000000,AUD,OK,1,1,27
1,6,4,AU,,,2000,,,,,,,,,1100,5850,2003,XHL,,,,1000000,AUD,OK,1,1,28
1,6,5,AU,,,2000,,,,,,,,,1100,5850,2007,XHL,,,,1000000,AUD,OK,1,1,29
1,6,6,AU,,,2000,,,,,,,,,1100,5850,2012,XHL,,,,1000000,AUD,OK,1,1,30
1,6,7,AU,,,2000,,,,,,,,,1100,5850,2020,XHL,,,,1000000,AUD,OK,1,1,31
1,7,1,AU,,,2000,,,,,,,,,1050,,,XHL,1000000,,,,AUD,OK,1,1,32
1,7,2,AU,,,2000,,,,,,,,,1051,,,XHL,1000000,,,,AUD,OK,1,1,33
1,7,3,AU,,,2000,,,,,,,,,1052,,,XHL,1000000,,,,AUD,OK,1,1,34
1,7,4,AU,,,2000,,,,,,,,,1053,,,XHL,1000000,,,,AUD,OK,1,1,35
1,7,5,AU,,,2000,,,,,,,,,1054,,,XHL,1000000,,,,AUD,OK,1,1,36
1,7,6,AU,,,2000,,,,,,,,,1055,,,XHL,1000000,,,,AUD,OK,1,1,37
1,7,7,AU,,,2000,,,,,,,,,1056,,,XHL,1000000,,,,AUD,OK,1,1,38
1,7,8,AU,,,2000,,,,,,,,,1057,,,XHL,1000000,,,,AUD,OK,1,1,39
1,7,9,AU,,,2000,,,,,,,,,1058,,,XHL,1000000,,,,AUD,OK,1,1,40
1,7,10,AU,,,2000,,,,,,,,,1059,,,XHL,1000000,,,,AUD,OK,1,1,41
1,7,11,AU,,,2000,,,,,,,,,1060,,,XHL,1000000,,,,AUD,OK,1,1,42
1,7,12,AU,,,2000,,,,,,,,,1061,,,XHL,1000000,,,,AUD,OK,1,1,43
1,7,13,AU,,,2000,,,,,,,,,1062,,,XHL,1000000,,,,AUD,OK,1,1,44
1,7,14,AU,,,2000,,,,,,,,,1063,,,XHL,1000000,,,,AUD,OK,1,1,45
1,7,15,AU,,,2000,,,,,,,,,1064,,,XHL,1000000,,,,AUD,OK,1,1,46
1,7,16,AU,,,2000,,,,,,,,,1065,,,XHL,1000000,,,,AUD,OK,1,1,47
1,7,17,AU,,,2000,,,,,,,,,1066,,,XHL,1000000,,,,AUD,OK,1,1,48
1,7,18,AU,,,2000,,,,,,,,,1067,,,XHL,1000000,,,,AUD,OK,1,1,49
1,7,19,AU,,,2000,,,,,,,,,1068,,,XHL,1000000,,,,AUD,OK,1,1,50
1,7,20,AU,,,2000,,,,,,,,,1069,,,XHL,1000000,,,,AUD,OK,1,1,51
1,7,21,AU,,,2000,,,,,,,,,1070,,,XHL,1000000,,,,AUD,OK,1,1,52
1,7,22,AU,,,2000,,,,,,,,,1071,,,XHL,1000000,,,,AUD,OK,1,1,53
1,7,23,AU,,,2000,,,,,,,,,1072,,,XHL,1000000,,,,AUD,OK,2,2,54
1,7,24,AU,,,2000,,,,,,,,,1073,,,XHL,1000000,,,,AUD,OK,1,1,55
1,7,25,AU,,,2000,,,,,,,,,1074,,,XHL,1000000,,,,AUD,OK,1,1,56
1,7,26,AU,,,2000,,,,,,,,,1075,,,XHL,1000000,,,,AUD,OK,1,1,57
1,7,27,AU,,,2000,,,,,,,,,1076,,,XHL,1000000,,,,AUD,OK,1,1,58
1,7,28,AU,,,2000,,,,,,,,,1077,,,XHL,1000000,,,,AUD,OK,1,1,59
1,7,29,AU,,,2000,,,,,,,,,1078,,,XHL,1000000,,,,AUD,OK,1,1,60
1,7,30,AU,,,2000,,,,,,,,,1079,,,XHL,1000000,,,,AUD,OK,1,1,61
1,7,31,AU,,,2000,,,,,,,,,1080,,,XHL,1000000,,,,AUD,OK,1,1,62
1,7,32,AU,,,2000,,,,,,,,,1081,,,XHL,1000000,,,,AUD,OK,1,1,63
1,7,33,AU,,,2000,,,,,,,,,1082,,,XHL,1000000,,,,AUD,OK,1,1,64
1,7,34,AU,,,2000,,,,,,,,,1083,,,XHL,1000000,,,,AUD,OK,1,1,65
1,7,35,AU,,,2000,,,,,,,,,1084,,,XHL,1000000,,,,AUD,OK,1,1,66
1,7,36,AU,,,2000,,,,,,,,,1085,,,XHL,1000000,,,,AUD,OK,1,1,67
1,7,37,AU,,,2000,,,,,,,,,1086,,,XHL,1000000,,,,AUD,OK,1,1,68
1,7,38,AU,,,2000,,,,,,,,,1087,,,XHL,1000000,,,,AUD,OK,1,1,69
1,7,39,AU,,,2000,,,,,,,,,1088,,,XHL,1000000,,,,AUD,OK,1,1,70
1,7,40,AU,,,2000,,,,,,,,,1089,,,XHL,1000000,,,,AUD,OK,1,1,71
1,7,41,AU,,,2000,,,,,,,,,1090,,,XHL,1000000,,,,AUD,OK,1,1,72
1,7,42,AU,,,2000,,,,,,,,,1091,,,XHL,1000000,,,,AUD,OK,1,1,73
1,7,43,AU,,,2000,,,,,,,,,1092,,,XHL,1000000,,,,AUD,OK,1,1,74
1,7,44,AU,,,2000,,,,,,,,,1093,,,XHL,1000000,,,,AUD,OK,1,1,75
1,7,45,AU,,,2000,,,,,,,,,1094,,,XHL,1000000,,,,AUD,OK,1,1,76
1,7,46,AU,,,2000,,,,,,,,,1095,,,XHL,1000000,,,,AUD,OK,1,1,77
1,7,47,AU,,,2000,,,,,,,,,1096,,,XHL,1000000,,,,AUD,OK,1,1,78
1,7,48,AU,,,2000,,,,,,,,,1097,,,XHL,1000000,,,,AUD,OK,1,1,79
1,7,49,AU,,,2000,,,,,,,,,1098,,,XHL,1000000,,,,AUD,OK,1,1,80
1,7,50,AU,,,2000,,,,,,,,,1099,,,XHL,1000000,,,,AUD,OK,1,1,81
1,8,1,AU,,,2000,,,,,,,,,1100,,,XHL,1000000,,,,AUD,OK,1,1,82
1,8,2,AU,,,2000,,,,,,,,,1101,,,XHL,1000000,,,,AUD,OK,1,1,83
1,8,3,AU,,,2000,,,,,,,,,1102,,,XHL,1000000,,,,AUD,OK,1,1,84
1,8,4,AU,,,2000,,,,,,,,,1103,,,XHL,1000000,,,,AUD,OK,1,1,85
1,8,5,AU,,,2000,,,,,,,,,1104,,,XHL,1000000,,,,AUD,OK,1,1,86
1,8,6,AU,,,2000,,,,,,,,,1105,,,XHL,1000000,,,,AUD,OK,1,1,87
1,8,7,AU,,,2000,,,,,,,,,1106,,,XHL,1000000,,,,AUD,OK,1,1,88
1,8,8,AU,,,2000,,,,,,,,,1107,,,XHL,1000000,,,,AUD,OK,1,1,89
1,8,9,AU,,,2000,,,,,,,,,1108,,,XHL,1000000,,,,AUD,OK,1,1,90
1,8,10,AU,,,2000,,,,,,,,,1109,,,XHL,1000000,,,,AUD,OK,1,1,91
1,8,11,AU,,,2000,,,,,,,,,1110,,,XHL,1000000,,,,AUD,OK,1,1,92
1,8,12,AU,,,2000,,,,,,,,,1111,,,XHL,1000000,,,,AUD,OK,1,1,93
1,8,13,AU,,,2000,,,,,,,,,1112,,,XHL,1000000,,,,AUD,OK,1,1,94
1,8,14,AU,,,2000,,,,,,,,,1113,,,XHL,1000000,,,,AUD,OK,1,1,95
1,8,15,AU,,,2000,,,,,,,,,1114,,,XHL,1000000,,,,AUD,OK,1,1,96
1,8,16,AU,,,2000,,,,,,,,,1115,,,XHL,1000000,,,,AUD,OK,1,1,97
1,8,17,AU,,,2000,,,,,,,,,1116,,,XHL,1000000,,,,AUD,OK,1,1,98
1,8,18,AU,,,2000,,,,,,,,,1117,,,XHL,1000000,,,,AUD,OK,1,1,99
1,8,19,AU,,,2000,,,,,,,,,1118,,,XHL,1000000,,,,AUD,OK,1,1,100
1,8,20,AU,,,2000,,,,,,,,,1119,,,XHL,1000000,,,,AUD,OK,1,1,101
1,8,21,AU,,,2000,,,,,,,,,1120,,,XHL,1000000,,,,AUD,OK,1,1,102
1,8,22,AU,,,2000,,,,,,,,,1121,,,XHL,1000000,,,,AUD,OK,1,1,103
1,8,23,AU,,,2000,,,,,,,,,1122,,,XHL,1000000,,,,AUD,OK,1,1,104
1,8,24,AU,,,2000,,,,,,,,,1123,,,XHL,1000000,,,,AUD,OK,1,1,105
1,8,25,AU,,,2000,,,,,,,,,1124,,,XHL,1000000,,,,AUD,OK,1,1,106
1,8,26,AU,,,2000,,,,,,,,,1125,,,XHL,1000000,,,,AUD,OK,1,1,107
1,8,27,AU,,,2000,,,,,,,,,1126,,,XHL,1000000,,,,AUD,OK,1,1,108
1,8,28,AU,,,2000,,,,,,,,,1127,,,XHL,1000000,,,,AUD,OK,1,1,109
1,8,29,AU,,,2000,,,,,,,,,1128,,,XHL,1000000,,,,AUD,OK,1,1,110
1,8,30,AU,,,2000,,,,,,,,,1129,,,XHL,1000000,,,,AUD,OK,1,1,111
1,8,31,AU,,,2000,,,,,,,,,1130,,,XHL,1000000,,,,AUD,OK,1,1,112
1,8,32,AU,,,2000,,,,,,,,,1131,,,XHL,1000000,,,,AUD,OK,1,1,113
1,8,33,AU,,,2000,,,,,,,,,1132,,,XHL,1000000,,,,AUD,OK,1,1,114
1,8,34,AU,,,2000,,,,,,,,,1133,,,XHL,1000000,,,,AUD,OK,1,1,115
1,8,35,AU,,,2000,,,,,,,,,1134,,,XHL,1000000,,,,AUD,OK,1,1,116
1,8,36,AU,,,2000,,,,,,,,,1135,,,XHL,1000000,,,,AUD,OK,1,1,117
1,8,37,AU,,,2000,,,,,,,,,1136,,,XHL,1000000,,,,AUD,OK,1,1,118
1,8,38,AU,,,2000,,,,,,,,,1137,,,XHL,1000000,,,,AUD,OK,1,1,119
1,8,39,AU,,,2000,,,,,,,,,1138,,,XHL,1000000,,,,AUD,OK,1,1,120
1,8,40,AU,,,2000,,,,,,,,,1139,,,XHL,1000000,,,,AUD,OK,1,1,121
1,8,41,AU,,,2000,,,,,,,,,1140,,,XHL,1000000,,,,AUD,OK,1,1,122
1,8,42,AU,,,2000,,,,,,,,,1141,,,XHL,1000000,,,,AUD,OK,1,1,123
1,8,43,AU,,,2000,,,,,,,,,1142,,,XHL,1000000,,,,AUD,OK,1,1,124
1,8,44,AU,,,2000,,,,,,,,,1143,,,XHL,1000000,,,,AUD,OK,1,1,125
1,8,45,AU,,,2000,,,,,,,,,1144,,,XHL,1000000,,,,AUD,OK,1,1,126
1,8,46,AU,,,2000,,,,,,,,,1145,,,XHL,1000000,,,,AUD,OK,1,1,127
1,8,47,AU,,,2000,,,,,,,,,1146,,,XHL,1000000,,,,AUD,OK,1,1,128
1,8,48,AU,,,2000,,,,,,,,,1147,,,XHL,1000000,,,,AUD,OK,1,1,129
1,8,49,AU,,,2000,,,,,,,,,1148,,,XHL,1000000,,,,AUD,OK,1,1,130
1,8,50,AU,,,2000,,,,,,,,,1149,,,XHL,1000000,,,,AUD,OK,1,1,131
1,9,1,AU,,,2000,,,,,,,,,1150,,,XHL,1000000,,,,AUD,OK,1,1,132
1,9,2,AU,,,2000,,,,,,,,,1151,,,XHL,1000000,,,,AUD,OK,1,1,133
1,9,3,AU,,,2000,,,,,,,,,1152,,,XHL,1000000,,,,AUD,OK,1,1,134
1,9,4,AU,,,2000,,,,,,,,,1153,,,XHL,1000000,,,,AUD,OK,1,1,135
1,9,5,AU,,,2000,,,,,,,,,1154,,,XHL,1000000,,,,AUD,OK,1,1,136
1,9,6,AU,,,2000,,,,,,,,,1155,,,XHL,1000000,,,,AUD,OK,1,1,137
1,9,7,AU,,,2000,,,,,,,,,1156,,,XHL,1000000,,,,AUD,OK,1,1,138
1,9,8,AU,,,2000,,,,,,,,,1157,,,XHL,1000000,,,,AUD,OK,1,1,139
1,9,9,AU,,,2000,,,,,,,,,1158,,,XHL,1000000,,,,AUD,OK,1,1,140
1,9,10,AU,,,2000,,,,,,,,,1159,,,XHL,1000000,,,,AUD,OK,1,1,141
1,9,11,AU,,,2000,,,,,,,,,1160,,,XHL,1000000,,,,AUD,OK,1,1,142
1,9,12,AU,,,2000,,,,,,,,,1161,,,XHL,1000000,,,,AUD,OK,1,1,143
1,9,13,AU,,,2000,,,,,,,,,1162,,,XHL,1000000,,,,AUD,OK,1,1,144
1,9,14,AU,,,2000,,,,,,,,,1163,,,XHL,1000000,,,,AUD,OK,1,1,145
1,9,15,AU,,,2000,,,,,,,,,1164,,,XHL,1000000,,,,AUD,OK,1,1,146
1,9,16,AU,,,2000,,,,,,,,,1165,,,XHL,1000000,,,,AUD,OK,1,1,147
1,9,17,AU,,,2000,,,,,,,,,1166,,,XHL,1000000,,,,AUD,OK,1,1,148
1,9,18,AU,,,2000,,,,,,,,,1167,,,XHL,1000000,,,,AUD,OK,1,1,149
1,9,19,AU,,,2000,,,,,,,,,1168,,,XHL,1000000,,,,AUD,OK,1,1,150
1,9,20,AU,,,2000,,,,,,,,,1169,,,XHL,1000000,,,,AUD,OK,1,1,151
1,9,21,AU,,,2000,,,,,,,,,1170,,,XHL,1000000,,,,AUD,OK,1,1,152
1,9,22,AU,,,2000,,,,,,,,,1171,,,XHL,1000000,,,,AUD,OK,1,1,153
1,9,23,AU,,,2000,,,,,,,,,1172,,,XHL,1000000,,,,AUD,OK,1,1,154
1,9,24,AU,,,2000,,,,,,,,,1173,,,XHL,1000000,,,,AUD,OK,1,1,155
1,9,25,AU,,,2000,,,,,,,,,1174,,,XHL,1000000,,,,AUD,OK,1,1,156
1,9,26,AU,,,2000,,,,,,,,,1175,,,XHL,1000000,,,,AUD,OK,1,1,157
1,9,27,AU,,,2000,,,,,,,,,1176,,,XHL,1000000,,,,AUD,OK,1,1,158
1,9,28,AU,,,2000,,,,,,,,,1177,,,XHL,1000000,,,,AUD,OK,1,1,159
1,9,29,AU,,,2000,,,,,,,,,1178,,,XHL,1000000,,,,AUD,OK,1,1,160
1,9,30,AU,,,2000,,,,,,,,,1179,,,XHL,1000000,,,,AUD,OK,1,1,161
1,9,31,AU,,,2000,,,,,,,,,1180,,,XHL,1000000,,,,AUD,OK,1,1,162
1,9,32,AU,,,2000,,,,,,,,,1181,,,XHL,1000000,,,,AUD,OK,1,1,163
1,9,33,AU,,,2000,,,,,,,,,1182,,,XHL,1000000,,,,AUD,OK,1,1,164
1,9,34,AU,,,2000,,,,,,,,,1183,,,XHL,1000000,,,,AUD,OK,1,1,165
1,9,35,AU,,,2000,,,,,,,,,1184,,,XHL,1000000,,,,AUD,OK,1,1,166
1,9,36,AU,,,2000,,,,,,,,,1185,,,XHL,1000000,,,,AUD,OK,1,1,167
1,9,37,AU,,,2000,,,,,,,,,1186,,,XHL,1000000,,,,AUD,OK,1,1,168
1,9,38,AU,,,2000,,,,,,,,,1187,,,XHL,1000000,,,,AUD,OK,1,1,169
1,9,39,AU,,,2000,,,,,,,,,1188,,,XHL,1000000,,,,AUD,OK,1,1,170
1,9,40,AU,,,2000,,,,,,,,,1189,,,XHL,1000000,,,,AUD,OK,1,1,171
1,9,41,AU,,,2000,,,,,,,,,1190,,,XHL,1000000,,,,AUD,OK,1,1,172
1,9,42,AU,,,2000,,,,,,,,,1191,,,XHL,1000000,,,,AUD,OK,1,1,173
1,9,43,AU,,,2000,,,,,,,,,1192,,,XHL,1000000,,,,AUD,OK,1,1,174
1,9,44,AU,,,2000,,,,,,,,,1193,,,XHL,1000000,,,,AUD,OK,1,1,175
1,9,45,AU,,,2000,,,,,,,,,1194,,,XHL,1000000,,,,AUD,OK,1,1,176
1,9,46,AU,,,2000,,,,,,,,,1195,,,XHL,1000000,,,,AUD,OK,1,1,177
1,9,47,AU,,,2000,,,,,,,,,1196,,,XHL,1000000,,,,AUD,OK,1,1,178
1,9,48,AU,,,2000,,,,,,,,,1197,,,XHL,1000000,,,,AUD,OK,1,1,179
1,9,49,AU,,,2000,,,,,,,,,1198,,,XHL,1000000,,,,AUD,OK,1,1,180
1,9,50,AU,,,2000,,,,,,,,,1199,,,XHL,1000000,,,,AUD,OK,1,1,181
1,10,1,AU,,,2000,,,,,,,,,1200,,,XHL,1000000,,,,AUD,OK,1,1,182
1,10,2,AU,,,2000,,,,,,,,,1201,,,XHL,1000000,,,,AUD,OK,1,1,183
1,10,3,AU,,,2000,,,,,,,,,1202,,,XHL,1000000,,,,AUD,OK,1,1,184
1,10,4,AU,,,2000,,,,,,,,,1203,,,XHL,1000000,,,,AUD,OK,1,1,185
1,10,5,AU,,,2000,,,,,,,,,1204,,,XHL,1000000,,,,AUD,OK,1,1,186
1,10,6,AU,,,2000,,,,,,,,,1205,,,XHL,1000000,,,,AUD,OK,1,1,187
1,10,7,AU,,,2000,,,,,,,,,1206,,,XHL,1000000,,,,AUD,OK,1,1,188
1,10,8,AU,,,2000,,,,,,,,,1207,,,XHL,1000000,,,,AUD,OK,1,1,189
1,10,9,AU,,,2000,,,,,,,,,1208,,,XHL,1000000,,,,AUD,OK,1,1,190
1,10,10,AU,,,2000,,,,,,,,,1209,,,XHL,1000000,,,,AUD,OK,1,1,191
1,10,11,AU,,,2000,,,,,,,,,1210,,,XHL,1000000,,,,AUD,OK,1,1,192
1,10,12,AU,,,2000,,,,,,,,,1211,,,XHL,1000000,,,,AUD,OK,1,1,193
1,10,13,AU,,,2000,,,,,,,,,1212,,,XHL,1000000,,,,AUD,OK,1,1,194
1,10,14,AU,,,2000,,,,,,,,,1213,,,XHL,1000000,,,,AUD,OK,1,1,195
1,10,15,AU,,,2000,,,,,,,,,1214,,,XHL,1000000,,,,AUD,OK,1,1,196
1,10,16,AU,,,2000,,,,,,,,,1215,,,XHL,1000000,,,,AUD,OK,1,1,197
1,10,17,AU,,,2000,,,,,,,,,1216,,,XHL,1000000,,,,AUD,OK,1,1,198
1,10,18,AU,,,2000,,,,,,,,,1217,,,XHL,1000000,,,,AUD,OK,1,1,199
1,10,19,AU,,,2000,,,,,,,,,1218,,,XHL,1000000,,,,AUD,OK,1,1,200
1,10,20,AU,,,2000,,,,,,,,,1219,,,XHL,1000000,,,,AUD,OK,1,1,201
1,10,21,AU,,,2000,,,,,,,,,1220,,,XHL,1000000,,,,AUD,OK,1,1,202
1,10,22,AU,,,2000,,,,,,,,,1221,,,XHL,1000000,,,,AUD,OK,1,1,203
1,10,23,AU,,,2000,,,,,,,,,1222,,,XHL,1000000,,,,AUD,OK,1,1,204
1,10,24,AU,,,2000,,,,,,,,,1223,,,XHL,1000000,,,,AUD,OK,1,1,205
1,10,25,AU,,,2000,,,,,,,,,1224,,,XHL,1000000,,,,AUD,OK,1,1,206
1,10,26,AU,,,2000,,,,,,,,,1225,,,XHL,1000000,,,,AUD,OK,1,1,207
1,10,27,AU,,,2000,,,,,,,,,1226,,,XHL,1000000,,,,AUD,OK,1,1,208
1,10,28,AU,,,2000,,,,,,,,,1227,,,XHL,1000000,,,,AUD,OK,1,1,209
1,10,29,AU,,,2000,,,,,,,,,1228,,,XHL,1000000,,,,AUD,OK,1,1,210
1,10,30,AU,,,2000,,,,,,,,,1229,,,XHL,1000000,,,,AUD,OK,1,1,211
1,10,31,AU,,,2000,,,,,,,,,1230,,,XHL,1000000,,,,AUD,OK,1,1,212
1,10,32,AU,,,2000,,,,,,,,,1231,,,XHL,1000000,,,,AUD,OK,1,1,213
1,10,33,AU,,,2000,,,,,,,,,1232,,,XHL,1000000,,,,AUD,OK,1,1,214
1,10,34,AU,,,2000,,,,,,,,,1233,,,XHL,1000000,,,,AUD,OK,1,1,215
1,10,35,AU,,,2000,,,,,,,,,1234,,,XHL,1000000,,,,AUD,OK,1,1,216
1,10,36,AU,,,2000,,,,,,,,,1235,,,XHL,1000000,,,,AUD,OK,1,1,217
1,10,37,AU,,,2000,,,,,,,,,1236,,,XHL,1000000,,,,AUD,OK,1,1,218
1,10,38,AU,,,2000,,,,,,,,,1237,,,XHL,1000000,,,,AUD,OK,1,1,219
1,10,39,AU,,,2000,,,,,,,,,1238,,,XHL,1000000,,,,AUD,OK,1,1,220
1,10,40,AU,,,2000,,,,,,,,,1239,,,XHL,1000000,,,,AUD,OK,1,1,221
1,10,41,AU,,,2000,,,,,,,,,1240,,,XHL,1000000,,,,AUD,OK,1,1,222
1,10,42,AU,,,2000,,,,,,,,,1241,,,XHL,1000000,,,,AUD,OK,1,1,223
1,10,43,AU,,,2000,,,,,,,,,1242,,,XHL,1000000,,,,AUD,OK,1,1,224
1,10,44,AU,,,2000,,,,,,,,,1243,,,XHL,1000000,,,,AUD,OK,1,1,225
1,10,45,AU,,,2000,,,,,,,,,1244,,,XHL,1000000,,,,AUD,OK,1,1,226
1,10,46,AU,,,2000,,,,,,,,,1245,,,XHL,1000000,,,,AUD,OK,1,1,227
1,10,47,AU,,,2000,,,,,,,,,1246,,,XHL,1000000,,,,AUD,OK,1,1,228
1,10,48,AU,,,2000,,,,,,,,,1247,,,XHL,1000000,,,,AUD,OK,1,1,229
1,10,49,AU,,,2000,,,,,,,,,1248,,,XHL,1000000,,,,AUD,OK,1,1,230
1,10,50,AU,,,2000,,,,,,,,,1249,,,XHL,1000000,,,,AUD,OK,1,1,231
1,11,1,AU,,,2000,,,,,,,,,1000,,,XHL,1000000,,,,AUD,OK,1,1,232
1,12,1,AU,,,2000,,,,,,,,,1001,,,XHL,1000000,,,,AUD,Key error,1,0,0
1,12,2,AU,,,2000,,,,,,,,,1002,,,XHL,1000000,,,,AUD,Key error,1,0,0
1,12,3,AU,,,2000,,,,,,,,,1003,,,XHL,1000000,,,,AUD,Key error,1,0,0
1,12,4,AU,,,2000,,,,,,,,,1004,,,XHL,1000000,,,,AUD,Key error,1,0,0
1,12,5,AU,,,2000,,,,,,,,,1005,,,XHL,1000000,,,,AUD,Key error,1,0,0
1,12,6,AU,,,2000,,,,,,,,,1006,,,XHL,1000000,,,,AUD,Key error,1,0,0
1,12,7,AU,,,2000,,,,,,,,,1007,,,XHL,1000000,,,,AUD,Key error,1,0,0
1,12,8,AU,,,2000,,,,,,,,,1008,,,XHL,1000000,,,,AUD,Key error,1,0,0
1,12,9,AU,,,2000,,,,,,,,,1009,,,XHL,1000000,,,,AUD,Key error,1,0,0
1,12,10,AU,,,2000,,,,,,,,,1010,,,XHL,1000000,,,,AUD,Key error,1,0,0
1,12,11,AU,,,2000,,,,,,,,,1011,,,XHL,1000000,,,,AUD,Key error,1,0,0
1,12,12,AU,,,2000,,,,,,,,,1012,,,XHL,1000000,,,,AUD,Key error,1,0,0
1,12,13,AU,,,2000,,,,,,,,,1013,,,XHL,1000000,,,,AUD,Key error,1,0,0
1,12,14,AU,,,2000,,,,,,,,,1014,,,XHL,1000000,,,,AUD,Key error,1,0,0
1,12,15,AU,,,2000,,,,,,,,,1015,,,XHL,1000000,,,,AUD,Key error,1,0,0
1,12,16,AU,,,2000,,,,,,,,,1016,,,XHL,1000000,,,,AUD,Key error,1,0,0
1,12,17,AU,,,2000,,,,,,,,,1017,,,XHL,1000000,,,,AUD,Key error,1,0,0
1,12,18,AU,,,2000,,,,,,,,,1018,,,XHL,1000000,,,,AUD,Key error,1,0,0
1,12,19,AU,,,2000,,,,,,,,,1019,,,XHL,1000000,,,,AUD,Key error,1,0,0
1,12,20,AU,,,2000,,,,,,,,,1020,,,XHL,1000000,,,,AUD,Key error,1,0,0
1,12,21,AU,,,2000,,,,,,,,,1021,,,XHL,1000000,,,,AUD,Key error,1,0,0
1,12,22,AU,,,2000,,,,,,,,,1022,,,XHL,1000000,,,,AUD,Key error,1,0,0
1,12,23,AU,,,2000,,,,,,,,,1023,,,XHL,1000000,,,,AUD,Key error,1,0,0
1,12,24,AU,,,2000,,,,,,,,,1024,,,XHL,1000000,,,,AUD,Key error,1,0,0
1,12,25,AU,,,2000,,,,,,,,,1025,,,XHL,1000000,,,,AUD,Key error,1,0,0
1,12,26,AU,,,2000,,,,,,,,,1026,,,XHL,1000000,,,,AUD,Key error,1,0,0
1,12,27,AU,,,2000,,,,,,,,,1027,,,XHL,1000000,,,,AUD,Key error,1,0,0
1,12,28,AU,,,2000,,,,,,,,,1028,,,XHL,1000000,,,,AUD,Key error,1,0,0
1,12,29,AU,,,2000,,,,,,,,,1029,,,XHL,1000000,,,,AUD,Key error,1,0,0
1,12,30,AU,,,2000,,,,,,,,,1030,,,XHL,1000000,,,,AUD,Key error,1,0,0
1,12,31,AU,,,2000,,,,,,,,,1031,,,XHL,1000000,,,,AUD,Key error,1,0,0
1,12,32,AU,,,2000,,,,,,,,,1032,,,XHL,1000000,,,,AUD,Key error,1,0,0
1,12,33,AU,,,2000,,,,,,,,,1033,,,XHL,1000000,,,,AUD,Key error,1,0,0
1,12,34,AU,,,2000,,,,,,,,,1034,,,XHL,1000000,,,,AUD,Key error,1,0,0
1,12,35,AU,,,2000,,,,,,,,,1035,,,XHL,1000000,,,,AUD,Key error,1,0,0
1,12,36,AU,,,2000,,,,,,,,,1036,,,XHL,1000000,,,,AUD,Key error,1,0,0
1,12,37,AU,,,2000,,,,,,,,,1037,,,XHL,1000000,,,,AUD,Key error,1,0,0
1,12,38,AU,,,2000,,,,,,,,,1038,,,XHL,1000000,,,,AUD,Key error,1,0,0
1,12,39,AU,,,2000,,,,,,,,,1039,,,XHL,1000000,,,,AUD,Key error,1,0,0
1,12,40,AU,,,2000,,,,,,,,,1040,,,XHL,1000000,,,,AUD,Key error,1,0,0
1,12,41,AU,,,2000,,,,,,,,,1041,,,XHL,1000000,,,,AUD,Key error,1,0,0
1,12,42,AU,,,2000,,,,,,,,,1042,,,XHL,1000000,,,,AUD,Key error,1,0,0
1,12,43,AU,,,2000,,,,,,,,,1043,,,XHL,1000000,,,,AUD,Key error,1,0,0
1,12,44,AU,,,2000,,,,,,,,,1044,,,XHL,1000000,,,,AUD,Key error,1,0,0
1,12,45,AU,,,2000,,,,,,,,,1045,,,XHL,1000000,,,,AUD,Key error,1,0,0
1,12,46,AU,,,2000,,,,,,,,,1046,,,XHL,1000000,,,,AUD,Key error,1,0,0
1,12,47,AU,,,2000,,,,,,,,,1047,,,XHL,1000000,,,,AUD,Key error,1,0,0
1,12,48,AU,,,2000,,,,,,,,,1048,,,XHL,1000000,,,,AUD,Key error,1,0,0
1,12,49,AU,,,2000,,,,,,,,,1049,,,XHL,1000000,,,,AUD,Key error,1,0,0
1,13,1,AU,,,2000,,,,,,,,,1250,,,XHL,1000000,,,,AUD,Key error,1,0,0
1,13,2,AU,,,2000,,,,,,,,,2000,,,XHL,1000000,,,,AUD,Key error,1,0,0
1,13,3,AU,,,2000,,,,,,,,,2050,,,XHL,1000000,,,,AUD,Key error,1,0,0
1,13,4,AU,,,2000,,,,,,,,,3000,,,XHL,1000000,,,,AUD,Key error,1,0,0
1,14,1,AU,,,2000,,,,,,,,,1100,5850,,XHL,,,,1000000,AUD,OK,1,1,233
1,14,2,AU,,,2000,,,,,,,,,1100,5851,,XHL,,,,1000000,AUD,OK,1,1,234
1,14,3,AU,,,2000,,,,,,,,,1100,5852,,XHL,,,,1000000,AUD,OK,1,1,235
1,14,4,AU,,,2000,,,,,,,,,1100,5853,,XHL,,,,1000000,AUD,OK,1,1,236
1,14,5,AU,,,2000,,,,,,,,,1100,5854,,XHL,,,,1000000,AUD,OK,1,1,237
1,14,6,AU,,,2000,,,,,,,,,1100,5855,,XHL,,,,1000000,AUD,OK,1,1,238
1,14,7,AU,,,2000,,,,,,,,,1100,5856,,XHL,,,,1000000,AUD,OK,1,1,239
1,14,8,AU,,,2000,,,,,,,,,1100,5857,,XHL,,,,1000000,AUD,OK,1,1,240
1,14,9,AU,,,2000,,,,,,,,,1100,5858,,XHL,,,,1000000,AUD,OK,1,1,241
1,14,10,AU,,,2000,,,,,,,,,1100,5859,,XHL,,,,1000000,AUD,OK,1,1,242
1,14,11,AU,,,2000,,,,,,,,,1100,5860,,XHL,,,,1000000,AUD,OK,1,1,243
1,14,12,AU,,,2000,,,,,,,,,1100,5861,,XHL,,,,1000000,AUD,OK,1,1,244
1,14,13,AU,,,2000,,,,,,,,,1100,5862,,XHL,,,,1000000,AUD,OK,1,1,245
1,14,14,AU,,,2000,,,,,,,,,1100,5863,,XHL,,,,1000000,AUD,OK,1,1,246
1,14,15,AU,,,2000,,,,,,,,,1100,5864,,XHL,,,,1000000,AUD,OK,1,1,247
1,14,16,AU,,,2000,,,,,,,,,1100,5865,,XHL,,,,1000000,AUD,OK,1,1,248
1,14,17,AU,,,2000,,,,,,,,,1100,5866,,XHL,,,,1000000,AUD,OK,1,1,249
1,14,18,AU,,,2000,,,,,,,,,1100,5867,,XHL,,,,1000000,AUD,OK,1,1,250
1,14,19,AU,,,2000,,,,,,,,,1100,5868,,XHL,,,,1000000,AUD,OK,1,1,251
1,14,20,AU,,,2000,,,,,,,,,1100,5869,,XHL,,,,1000000,AUD,OK,1,1,252
1,14,21,AU,,,2000,,,,,,,,,1100,5870,,XHL,,,,1000000,AUD,OK,1,1,253
1,14,22,AU,,,2000,,,,,,,,,1100,5871,,XHL,,,,1000000,AUD,OK,1,1,254
1,14,23,AU,,,2000,,,,,,,,,1100,5872,,XHL,,,,1000000,AUD,OK,1,1,255
1,14,24,AU,,,2000,,,,,,,,,1100,5873,,XHL,,,,1000000,AUD,OK,1,1,256
1,14,25,AU,,,2000,,,,,,,,,1100,5874,,XHL,,,,1000000,AUD,OK,1,1,257
1,14,26,AU,,,2000,,,,,,,,,1100,5875,,XHL,,,,1000000,AUD,OK,1,1,258
1,14,27,AU,,,2000,,,,,,,,,1100,5876,,XHL,,,,1000000,AUD,OK,1,1,259
1,14,28,AU,,,2000,,,,,,,,,1100,5877,,XHL,,,,1000000,AUD,OK,1,1,260
1,14,29,AU,,,2000,,,,,,,,,1100,5878,,XHL,,,,1000000,AUD,OK,1,1,261
1,14,30,AU,,,2000,,,,,,,,,1100,5879,,XHL,,,,1000000,AUD,OK,1,1,262
1,14,31,AU,,,2000,,,,,,,,,1100,5880,,XHL,,,,1000000,AUD,OK,1,1,263
1,14,32,AU,,,2000,,,,,,,,,1100,5881,,XHL,,,,1000000,AUD,OK,1,1,264
1,14,33,AU,,,2000,,,,,,,,,1100,5882,,XHL,,,,1000000,AUD,OK,1,1,265
1,14,34,AU,,,2000,,,,,,,,,1100,5883,,XHL,,,,1000000,AUD,OK,1,1,266
1,14,35,AU,,,2000,,,,,,,,,1100,5884,,XHL,,,,1000000,AUD,OK,1,1,267
1,14,36,AU,,,2000,,,,,,,,,1100,5885,,XHL,,,,1000000,AUD,OK,1,1,268
1,14,37,AU,,,2000,,,,,,,,,1100,5886,,XHL,,,,1000000,AUD,OK,1,1,269
1,14,38,AU,,,2000,,,,,,,,,1100,5887,,XHL,,,,1000000,AUD,OK,1,1,270
1,14,39,AU,,,2000,,,,,,,,,1100,5888,,XHL,,,,1000000,AUD,OK,1,1,271
1,14,40,AU,,,2000,,,,,,,,,1100,5889,,XHL,,,,1000000,AUD,OK,1,1,272
1,14,41,AU,,,2000,,,,,,,,,1100,5890,,XHL,,,,1000000,AUD,OK,1,1,273
1,14,42,AU,,,2000,,,,,,,,,1100,5891,,XHL,,,,1000000,AUD,OK,1,1,274
1,14,43,AU,,,2000,,,,,,,,,1100,5892,,XHL,,,,1000000,AUD,OK,1,1,275
1,14,44,AU,,,2000,,,,,,,,,1100,5893,,XHL,,,,1000000,AUD,OK,1,1,276
1,14,45,AU,,,2000,,,,,,,,,1100,5894,,XHL,,,,1000000,AUD,OK,1,1,277
1,14,46,AU,,,2000,,,,,,,,,1100,5895,,XHL,,,,1000000,AUD,OK,1,1,278
1,14,47,AU,,,2000,,,,,,,,,1100,5896,,XHL,,,,1000000,AUD,OK,1,1,279
1,14,48,AU,,,2000,,,,,,,,,1100,5897,,XHL,,,,1000000,AUD,OK,1,1,280
1,14,49,AU,,,2000,,,,,,,,,1100,5898,,XHL,,,,1000000,AUD,OK,1,1,281
1,14,50,AU,,,2000,,,,,,,,,1100,5899,,XHL,,,,1000000,AUD,OK,1,1,282
1,14,51,AU,,,2000,,,,,,,,,1100,5900,,XHL,,,,1000000,AUD,OK,1,1,283
1,14,52,AU,,,2000,,,,,,,,,1100,5901,,XHL,,,,1000000,AUD,OK,1,1,284
1,14,53,AU,,,2000,,,,,,,,,1100,5902,,XHL,,,,1000000,AUD,OK,1,1,285
1,14,54,AU,,,2000,,,,,,,,,1100,5903,,XHL,,,,1000000,AUD,OK,1,1,286
1,14,55,AU,,,2000,,,,,,,,,1100,5904,,XHL,,,,1000000,AUD,OK,1,1,287
1,14,56,AU,,,2000,,,,,,,,,1100,5905,,XHL,,,,1000000,AUD,OK,1,1,288
1,14,57,AU,,,2000,,,,,,,,,1100,5906,,XHL,,,,1000000,AUD,OK,1,1,289
1,14,58,AU,,,2000,,,,,,,,,1100,5907,,XHL,,,,1000000,AUD,OK,1,1,290
1,14,59,AU,,,2000,,,,,,,,,1100,5908,,XHL,,,,1000000,AUD,OK,1,1,291
1,14,60,AU,,,2000,,,,,,,,,1100,5909,,XHL,,,,1000000,AUD,OK,1,1,292
1,14,61,AU,,,2000,,,,,,,,,1100,5910,,XHL,,,,1000000,AUD,OK,1,1,293
1,14,62,AU,,,2000,,,,,,,,,1100,5911,,XHL,,,,1000000,AUD,OK,1,1,294
1,14,63,AU,,,2000,,,,,,,,,1100,5912,,XHL,,,,1000000,AUD,OK,1,1,295
1,14,64,AU,,,2000,,,,,,,,,1100,5913,,XHL,,,,1000000,AUD,OK,1,1,296
1,14,65,AU,,,2000,,,,,,,,,1100,5914,,XHL,,,,1000000,AUD,OK,1,1,297
1,14,66,AU,,,2000,,,,,,,,,1100,5915,,XHL,,,,1000000,AUD,OK,1,1,298
1,14,67,AU,,,2000,,,,,,,,,1100,5916,,XHL,,,,1000000,AUD,OK,1,1,299
1,14,68,AU,,,2000,,,,,,,,,1100,5917,,XHL,,,,1000000,AUD,OK,1,1,300
1,14,69,AU,,,2000,,,,,,,,,1100,5918,,XHL,,,,1000000,AUD,OK,1,1,301
1,14,70,AU,,,2000,,,,,,,,,1100,5919,,XHL,,,,1000000,AUD,OK,1,1,302
1,14,71,AU,,,2000,,,,,,,,,1100,5920,,XHL,,,,1000000,AUD,OK,1,1,303
1,14,72,AU,,,2000,,,,,,,,,1100,5921,,XHL,,,,1000000,AUD,OK,1,1,304
1,14,73,AU,,,2000,,,,,,,,,1100,5922,,XHL,,,,1000000,AUD,OK,1,1,305
1,14,74,AU,,,2000,,,,,,,,,1100,5923,,XHL,,,,1000000,AUD,OK,1,1,306
1,14,75,AU,,,2000,,,,,,,,,1100,5924,,XHL,,,,1000000,AUD,OK,1,1,307
1,14,76,AU,,,2000,,,,,,,,,1100,5925,,XHL,,,,1000000,AUD,OK,1,1,308
1,14,77,AU,,,2000,,,,,,,,,1100,5926,,XHL,,,,1000000,AUD,OK,1,1,309
1,14,78,AU,,,2000,,,,,,,,,1100,5927,,XHL,,,,1000000,AUD,OK,1,1,310
1,14,79,AU,,,2000,,,,,,,,,1100,5928,,XHL,,,,1000000,AUD,OK,1,1,311
1,14,80,AU,,,2000,,,,,,,,,1100,5929,,XHL,,,,1000000,AUD,OK,1,1,312
1,14,81,AU,,,2000,,,,,,,,,1100,5930,,XHL,,,,1000000,AUD,OK,1,1,313
1,14,82,AU,,,2000,,,,,,,,,1100,5931,,XHL,,,,1000000,AUD,OK,1,1,314
1,14,83,AU,,,2000,,,,,,,,,1100,5932,,XHL,,,,1000000,AUD,OK,1,1,315
1,14,84,AU,,,2000,,,,,,,,,1100,5933,,XHL,,,,1000000,AUD,OK,1,1,316
1,14,85,AU,,,2000,,,,,,,,,1100,5934,,XHL,,,,1000000,AUD,OK,1,1,317
1,14,86,AU,,,2000,,,,,,,,,1100,5935,,XHL,,,,1000000,AUD,OK,1,1,318
1,14,87,AU,,,2000,,,,,,,,,1100,5936,,XHL,,,,1000000,AUD,OK,1,1,319
1,14,88,AU,,,2000,,,,,,,,,1100,5937,,XHL,,,,1000000,AUD,OK,1,1,320
1,14,89,AU,,,2000,,,,,,,,,1100,5938,,XHL,,,,1000000,AUD,OK,1,1,321
1,14,90,AU,,,2000,,,,,,,,,1100,5939,,XHL,,,,1000000,AUD,OK,1,1,322
1,14,91,AU,,,2000,,,,,,,,,1100,5940,,XHL,,,,1000000,AUD,OK,1,1,323
1,14,92,AU,,,2000,,,,,,,,,1100,5941,,XHL,,,,1000000,AUD,OK,1,1,324
1,14,93,AU,,,2000,,,,,,,,,1100,5942,,XHL,,,,1000000,AUD,OK,1,1,325
1,14,94,AU,,,2000,,,,,,,,,1100,5943,,XHL,,,,1000000,AUD,OK,1,1,326
1,14,95,AU,,,2000,,,,,,,,,1100,5944,,XHL,,,,1000000,AUD,OK,1,1,327
1,14,96,AU,,,2000,,,,,,,,,1100,5945,,XHL,,,,1000000,AUD,OK,1,1,328
1,14,97,AU,,,2000,,,,,,,,,1100,5946,,XHL,,,,1000000,AUD,OK,1,1,329
1,14,98,AU,,,2000,,,,,,,,,1100,5947,,XHL,,,,1000000,AUD,OK,1,1,330
1,14,99,AU,,,2000,,,,,,,,,1100,5948,,XHL,,,,1000000,AUD,OK,1,1,331
1,14,100,AU,,,2000,,,,,,,,,1100,5949,,XHL,,,,1000000,AUD,OK,1,1,332
1,15,1,AU,,,2000,,,,,,,,,1100,5000,,XHL,1000000,,,,AUD,OK,1,1,333
1,15,2,AU,,,2000,,,,,,,,,1100,5850,,XHL,1000000,,,,AUD,Key error,1,0,0
1,16,1,AU,,,2000,,,,,,,,,1100,5000,,XHL,,1000000,,,AUD,OK,1,1,334
1,16,2,AU,,,2000,,,,,,,,,1100,5850,,XHL,,1000000,,,AUD,Key error,1,0,0
1,17,1,AU,,,2000,,,,,,,,,1100,5000,,XHL,,,1000000,,AUD,OK,1,1,335
1,17,2,AU,,,2000,,,,,,,,,1100,5850,,XHL,,,1000000,,AUD,Key error,1,0,0
1,18,1,AU,,,2000,,,,,,,,,1100,5000,,XHL,,,,1000000,AUD,Key error,1,0,0
1,19,1,AU,,,2000,,,,,,,,,1100,,,XHL,1000000,,,,AUD,OK,1,1,336
1,19,2,AU,,,2000,,,,,,,,,1100,,,XHL,,1000000,,,AUD,OK,1,1,337
1,19,3,AU,,,2000,,,,,,,,,1100,,,XHL,,,1000000,,AUD,OK,1,1,338
1,19,4,AU,,,2000,,,,,,,,,1100,,,XHL,1000000,1000000,,,AUD,OK,2,2,339
1,19,5,AU,,,2000,,,,,,,,,1100,,,XHL,1000000,,1000000,,AUD,OK,2,2,341
1,19,6,AU,,,2000,,,,,,,,,1100,,,XHL,,1000000,1000000,,AUD,OK,2,2,343
1,19,7,AU,,,2000,,,,,,,,,1100,,,XHL,1000000,1000000,1000000,,AUD,OK,3,3,345
1,20,1,AU,,,2000,,,,,,,,,1100,,,XHL,1000000,,,,AUD,OK,1,1,348
1,20,2,AU,,,2000,,,,,,,,,1100,,,XHL,,1000000,,,AUD,OK,1,1,349
1,20,3,AU,,,2000,,,,,,,,,1100,,,XHL,,,1000000,,AUD,OK,1,1,350
1,20,4,AU,,,2000,,,,,,,,,1100,,,XHL,,,,1000000,AUD,Key error,1,0,0
